{
  "Core": {
    "Primary1": {
      "$type": "color",
      "$value": "#265348"
    },
    "Secondary": {
      "$type": "color",
      "$value": "#EFC65D"
    },
    "Teritary": {
      "$type": "color",
      "$value": "#C0DFD6"
    },
    "Quaternary": {
      "$type": "color",
      "$value": "#619340"
    },
    "Quinary": {
      "$type": "color",
      "$value": "#43946D"
    }
  },
  "$themes": [],
  "$metadata": {
    "tokenSetOrder": [
      "Core"
    ]
  }
}